Unique_ID,US_ID,Ente_responsabile,Anno,Ufficio_MiC,Id. Saggio,Località,Area_Struttura,Saggio,Ambiente_UnitaFunzionale,Posizione,Settore,Quadrato,Quote,Naturale,Artificiale,Positiva,Negativa,Piante,Prospetti,Sezioni,Fotografie,Riferimenti materiali,Definizione,Criteri_distinzione,Modo_formazione,Componenti_inorganici,Componenti_organici,Consistenza,Colore,Misure,Stato_conservazione,Sequenza_fisica_uguale_a,Sequenza_fisica_si_lega_a,Sequenza_fisica_gli_si_appoggia,Sequenza_fisica_si_appoggia_a,Sequenza_fisica_coperto_da,Sequenza_fisica_copre,Sequenza_fisica_tagliato_da,Sequenza_fisica_taglia,Sequenza_fisica_riempito_da,Sequenza_fisica_riempie,Sequenza_stratigrafica_posteriore_a,Sequenza_stratigrafica_anteriore_a,Descrizione,Osservazioni,Interpretazione,Datazione,Periodo,Fase,Attività,Elementi_datanti,Quantitativi_reperti,Campionatura,Flottazione,Setacciatura,Affidabilità_stratigrafica,Responsabile_scientifico,Data_rilevamento,Responsabile_compilazione,Data_rielaborazione,Responsabile_rielaborazione
1,1041,,2026,,,Sabaudia- Villa di Domiziano,Area dellla Peschiera,SAS 1,,,,,cfr. GIS,,Artificiale,Positiva,,Sì,,,Sì,,US positiva localizzata nel settore E dell'ampliamento S del saggio,"Composizione, Colore, Consistenza",Antropico sincronico,"Laterizio, Litico, Intonaco, Malta",,Sabbiosa molto compatta,Arancione scuro,,Parziale,,,,,1000,,-1031,,,-1045,-1045,"1000, -1031","Strato di terra a matrice sabbiosa compatta di colore arancione scuro, localizzata nel settore E dell'ampliamento S del SAS 1, restituisce laterizi, malta, intonaco ed elementi litici",scavato parzialmente,strato di riempimento moderno successivo allo sradicamento dei pini,,,,,,,,,,,"Maria Luisa Catoni, Riccardo Olivito",2026-07-09 00:00:00,"Nicole Crescenzi, Rodolfo Gagliardi",,
2,1042,,2026,,,Sabaudia- Villa di Domiziano,Area dellla Peschiera,SAS 1,,,,,cfr. GIS,Naturale,,Positiva,,Sì,,,Sì,,"US positiva a O di 1011, coperta da 1029",Forma,Naturale sincronico,"Intonaco, Ceramica, Metallo",,Compatto,Bianco,,Mediocre,,,,,"1029, 1043",1044,,,,,1044,"1029, 1043","Strato di intonaco localizzato a O di US 1011 e caratterizzato dalla presenza di frammenti di intonaco di grandi dimensioni che non conservano la pellicola pittorica. Restituisce inoltre frammenti di ceramica, un chiodo e un frammento di intonaco modanato",,Strato di crollo di intonaco,,,,,,,,,,,"Maria Luisa Catoni, Riccardo Olivito",2026-08-09 00:00:00,"Nicole Crescenzi, Rodolfo Gagliardi",,
3,1043,,2026,,,Sabaudia- Villa di Domiziano,Area dellla Peschiera,SAS 1,,,,,cfr. GIS,Naturale,,Positiva,,Sì,,,Sì,,US positiva localizzata a S di US 1011,Forma,Naturale sincronico,"Intonaco, Metallo",,Compatto,Bianco,,Mediocre,,,,,1019,"1042, 1044",,,,,"1042, 1044",1019,"Strato di intonaco, localizzato a S di US 1011 che conserva la pellicola pittorica rivolta verso il basso. Gli intonaci si presentano perlopiù a fondo nero restituisce, inoltre un chiodo",,Strato di crollo di intonaco,,,,,,,,,,,"Maria Luisa Catoni, Riccardo Olivito",2026-08-09 00:00:00,"Nicole Crescenzi, Rodolfo Gagliardi",,
4,1044,,2026,,,Sabaudia- Villa di Domiziano,Area dellla Peschiera,SAS 1,,,,,cfr. GIS,Naturale,,Positiva,,Sì,,,Sì,,US positiva localizzata a SO di US 1011,Forma,Naturale sincronico,"Intonaco, Ceramica, Laterizio",,Compatto,Nero,,Mediocre,,,,,"1042, 1043",1033,,,,,1033,"1042, 1043","US positva localizzata a SO di US 1011, caratterizzata dalla presenza di numerosi frammenti di intonaco che conservano la pellicola pittorica rivolta verso l'alto. La pellicola pittorica si presenta a fondo nero e con decorazioni sovradipinte a fasce bianche e rosse. Oltre all'intonaco restituisce laterizi e due frammenti ceramici",,Strato di crollo di intonaco,,,,,,,,,,,"Maria Luisa Catoni, Riccardo Olivito",2026-08-09 00:00:00,"Nicole Crescenzi, Rodolfo Gagliardi",,
5,-1045,,2026,,,Sabaudia- Villa di Domiziano,Area dellla Peschiera,SAS 1,,,,,cfr. GIS,,Artificiale,,Negativa,Sì,,,Sì,,US negativa localizzata nel settore E dell'ampliamento S del saggio,Forma,Antropico sincronico,,,,,,,,,,,,,-1031,"1035, 1046, 1056, 1085",1041,,"1035, 1046, 1056, 1085",1041,Taglio di forma grossomodo circolare localizzato nel settore E dell'ampliamento S del saggio,,"Ipotetica fossa di piantumazione di pini, successivamente riempita da US 1041 nell'ambito dello sradicamento degli stessi",,,,,,,,,,,"Maria Luisa Catoni, Riccardo Olivito",2026-09-09 00:00:00,"Nicole Crescenzi, Rodolfo Gagliardi",,
6,1046,,2026,,,Sabaudia- Villa di Domiziano,Area dellla Peschiera,SAS 1,,,,,cfr. GIS,,Artificiale,Positiva,,Sì,,,Sì,,US positiva localizzata nell'angolo compreso tra -1045 e 1049,"Composizione, Colore, Consistenza",Antropico sincronico,"Laterizio, Malta, Litico",,Sabbiosa friabile,Marrone scuro,,Scarso,,,,,1000,"1035, 1049",-1045,,,,"1035, 1049","1000, -1045","US positiva, localizzata nell'angolo tra -1045 e 1049, a matrice sabbiosa friabile di colore marrone scuro. Restituisce malta, laterizi e materiale lapideo.",,,,,,,,,,,,,"Maria Luisa Catoni, Riccardo Olivito",2026-09-09 00:00:00,"Nicole Crescenzi, Rodolfo Gagliardi",,
7,1047,,2026,,,Sabaudia- Villa di Domiziano,Area dellla Peschiera,SAS 1,,,,,cfr. GIS,,Artificiale,Positiva,,Sì,,,Sì,"RPT 2, RPT 5",US positiva localizzata nel settore O dell'ampliamento S del saggio,"Composizione, Colore, Consistenza",Antropico sincronico,"Ceramica, Laterizio, Litico, Vetro, Malta",Radici,Sabbiosa molto compatta,Marrone scuro,,Buono,,,,,1000,"1032, 1050, 1055, 1065, 1075, 1079, 1080, 1087, 1090, 1077, 1078",,,,,1000,"1032, 1050, 1055, 1065, 1075, 1079, 1080, 1087, 1090, 1077, 1078","Strato esteso per tutta la lunghezza del settore O dell'ampliamento S. Si presenta con terra sabbiosa molto compatta di colore marrone scuro. Restituisce materiale lapideo, sporadici frammenti di vetro e ceramica, laterizi, di cui una tegola con bollo (RPT 2) e uno spicchio di colonna con bollo (RPT 5). E' fortemente intaccato da radici e conserva i resti di un tronco di pino tagliato.",,Strato di ributto moderno,,,,,,,,,,,"Maria Luisa Catoni, Riccardo Olivito",2026-09-09 00:00:00,"Nicole Crescenzi, Rodolfo Gagliardi",,
8,1049,,2026,,,Sabaudia- Villa di Domiziano,Area dellla Peschiera,SAS 1,,,,,cfr. GIS,,Artificiale,Positiva,,Sì,,,Sì,,US positiva con andamento N-S posta tra 1015 e 1048,Forma,Antropico sincronico,"Laterizio, Cocciopesto",,,,sp. 8 cm,Mediocre,1050,,,,"1035, 1000, 1046","1032, 1090, 1081, 1081",,,1068,,"1032, 1090, 1081","1000, 1068, 1046, 1035","Spalletta in cocciopesto con andamento N-S localizzata tra 1015 e 1048. La faccia superiore e quella esterna (rivolta ad E) appaiono lisciate, mentre quella interna appare rivestita da laterizi",,Spalletta a cordolo che delimita lungo il lato E lo spazio tra 1015 e 1048,,,,,,,,,,,"Maria Luisa Catoni, Riccardo Olivito",2026-09-09 00:00:00,"Nicole Crescenzi, Rodolfo Gagliardi",,
9,1050,,2026,,,Sabaudia- Villa di Domiziano,Area dellla Peschiera,SAS 1,,,,,cfr. GIS,,Artificiale,Positiva,,Sì,,,Sì,,US positiva con andamento N-S posta tra 1015 e 1048,Forma,Antropico sincronico,"Cocciopesto, Laterizio",,,,sp. 8 cm,Mediocre,1049,,,,"1000, 1047","1081, 1082, 1090, 1032",,,1068,,"1032, 1081, 1082, 1090","1000, 1047, 1068","Spalletta in cocciopesto con andamento N-S localizzata tra 1015 e 1048. La faccia superiore e quella esterna (rivolta ad O) appaiono lisciate, mentre quella interna appare rivestita da laterizi",,Spalletta a cordolo che delimita lungo il lato O lo spazio tra 1015 e 1048,,,,,,,,,,,"Maria Luisa Catoni, Riccardo Olivito",2026-09-09 00:00:00,"Nicole Crescenzi, Rodolfo Gagliardi",,
10,1052,,2026,,,Sabaudia- Villa di Domiziano,Area dellla Peschiera,SAS 1,,,,,cfr. GIS,,Artificiale,Positiva,,Sì,,,Sì,,Rivestimento dell'anima di colonna USM 1051,Forma,Antropico sincronico,Intonaco,,,Bianco,,Mediocre,,,,,1000,"1051, 1053",,,,,"1051, 1053",1000,"Rivestimento di anima di colonna USM 1051, realizzato in intonaco bianco con scanalature",,Rivestimento di anima di colonna,,,,,,,,,,,"Maria Luisa Catoni, Riccardo Olivito",2026-09-09 00:00:00,"Nicole Crescenzi, Rodolfo Gagliardi",,
11,1054,,2026,,,Sabaudia- Villa di Domiziano,Area dellla Peschiera,SAS 1,,,,,cfr. GIS,,Artificiale,Positiva,,Sì,,,Sì,,US positiva con andamento N-S posta tra 1048 e 1051,Forma,Antropico sincronico,"Cocciopesto, Laterizio",,,,sp. 10 cm,Mediocre,1055,,,,"1000, 1085, 1056, 1057","1077, 1090",,,1069,,"1077, 1090. 1085","1000, 1069, 1056, 1057, 1035","Spalletta in cocciopesto con andamento N-S localizzata tra 1048 e 1051. La faccia superiore e quella esterna (rivolta ad E) appaiono lisciate, mentre quella interna appare rivestita da laterizi",,Spalletta a cordolo che delimita lungo il lato E lo spazio tra 1048 e 1051,,,,,,,,,,,"Maria Luisa Catoni, Riccardo Olivito",2026-09-09 00:00:00,"Nicole Crescenzi, Rodolfo Gagliardi",,
12,1055,,2026,,,Sabaudia- Villa di Domiziano,Area dellla Peschiera,SAS 1,,,,,cfr. GIS,,Artificiale,Positiva,,Sì,,,Sì,,US positiva con andamento N-S posta tra 1048 e 1051,Forma,Antropico sincronico,"Cocciopesto, Laterizio",,,,sp. 10 cm,Mediocre,1054,,,,"1000, 1047, 1087","1032, 1077, 1090",,,1069,,"1090. 1077, 1032","1000, 1047, 1069, 1087","Spalletta in cocciopesto con andamento N-S localizzata tra 1048 e 1051. La faccia superiore e quella esterna (rivolta ad O) appaiono lisciate, mentre quella interna appare rivestita da laterizi",,Spalletta a cordolo che delimita lungo il lato O lo spazio tra 1048 e 1051,,,,,,,,,,,"Maria Luisa Catoni, Riccardo Olivito",2026-09-09 00:00:00,"Nicole Crescenzi, Rodolfo Gagliardi",,
13,1056,,2026,,,Sabaudia- Villa di Domiziano,Area dellla Peschiera,SAS 1,,,,,cfr. GIS,Naturale,,Positiva,,Sì,,,Sì,"RPT 6, RPT 7, RPT 8",US positiva posta a E di US 1054,Forma,Naturale sincronico,"Litico, Laterizio",,Sabbiosa incoerente,Marrone chiaro,,Parziale,,,,,"1000, 1057","1054, 1085","-1045, -1058",,,,"1054, 1085","1000, 1057, -1045, -1058","US positiva, posta ad E di US 1054. Restituisce tegole miste a terra sabbiosa incoerente di colore marrone chiaro in cui vengono anche rinvenuti tufelli (forse pertinenti a crollo di muratura). Due delle tegole presentano un bollo di Domizio Calvino, una in tre frammenti (RPT 6) ed una in sei (RPT 7). Un'ulteriore tegola presenta il riquadro di un bollo, ma non l'iscrizione (RPT 8)",,Crollo di muratura e copertura,,,,,,,,,,,"Maria Luisa Catoni, Riccardo Olivito",2026-09-09 00:00:00,"Nicole Crescenzi, Rodolfo Gagliardi",,
14,1057,,2026,,,Sabaudia- Villa di Domiziano,Area dellla Peschiera,SAS 1,,,,,cfr. GIS,Naturale,,Positiva,,Sì,,,Sì,RPT 4,US positiva posta a E di US 1054,Forma,Naturale sincronico,Laterizio,,Sabbiosa incoerente,Marrone chiaro,,Mediocre,,,,,1000,"1056, 1054, 1085",,,,,"1056, 1054, 1085",1000,"US positiva, posta ad E di US 1054. Restituisce spicchi di colonna misti a poca terra sabbiosa incoerente di colore marrone chiaro. Quattro spicchi presentano parte di bollo di Domizio Calvino, facendo ipotizzare un riutilizzo del materiale di tegole bollate (RPT 4). Sembrerebbe avere un andamento O-E.",,Crollo di colonna forse riferibile a USM 1053,,,,,,,,,,,"Maria Luisa Catoni, Riccardo Olivito",2026-09-09 00:00:00,"Nicole Crescenzi, Rodolfo Gagliardi",,
15,-1058,,2026,,,Sabaudia- Villa di Domiziano,Area dellla Peschiera,SAS 1,,,,,cfr. GIS,,Artificiale,,Negativa,Sì,,,Sì,,US negativa posta a S di US 1056 e a E di US 1074,Forma,Antropico sincronico,,,,,,Parziale,,,,,,,-1031,"1074, 1083, 1085, 1056, 1066, 1067, 1076, 1086",1059,,"1056, 1066, 1067, 1074, 1076, 1085, 1086","-1031, 1059",Taglio di forma grossomodo circolare localizzato a S di 1056 e ad E di 1074,,"Ipotetica fossa di piantumazione di pini, successivamente riempita da US 1059 nell'ambito dello sradicamento degli stessi",,,,,,,,,,,"Maria Luisa Catoni, Riccardo Olivito",2026-09-09 00:00:00,"Nicole Crescenzi, Rodolfo Gagliardi",,
16,1059,,2026,,,Sabaudia- Villa di Domiziano,Area dellla Peschiera,SAS 1,,,,,cfr. GIS,,Artificiale,Positiva,,Sì,,,Sì,,US positiva localizzata a S di 1056 e a E di 1074,"Composizione, Colore, Consistenza",Antropico sincronico,Laterizio,,Sabbiosa molto compatta,Arancione scuro,,Parziale,,,,,1000,,-1031,,,-1058,-1058,"1000, -1031","Strato di terra a matrice sabbiosa compatta di colore arancione scuro, localizzato a S di 1056 e a E di 1074. Restituisce frammenti di laterizi.",,strato di riempimento moderno successivo allo sradicamento dei pini,,,,,,,,,,,"Maria Luisa Catoni, Riccardo Olivito",2026-09-09 00:00:00,"Nicole Crescenzi, Rodolfo Gagliardi",,
17,1061,,2026,,,Sabaudia- Villa di Domiziano,Area dellla Peschiera,SAS 1,,,,,cfr. GIS,,Artificiale,Positiva,,Sì,,,Sì,,Rivestimento dell'anima di colonna USM 1060,Forma,Antropico sincronico,Intonaco,,,Bianco,,Mediocre,,,,,1000,"1060, 1071",,,,,"1060, 1071",1000,"Rivestimento di anima di colonna USM 1060, realizzato in intonaco bianco con scanalature",,Rivestimento di anima di colonna,,,,,,,,,,,"Maria Luisa Catoni, Riccardo Olivito",2026-09-09 00:00:00,"Nicole Crescenzi, Rodolfo Gagliardi",,
18,1063,,2026,,,Sabaudia- Villa di Domiziano,Area dellla Peschiera,SAS 1,,,,,cfr. GIS,,Artificiale,Positiva,,Sì,,,Sì,,Rivestimento dell'anima di colonna USM 1062,Forma,Antropico sincronico,Intonaco,,,Bianco,,Mediocre,,,,,1000,"1062, 1072",,,,,"1062, 1072",1000,"Rivestimento di anima di colonna USM 1062, realizzato in intonaco bianco con scanalature",,Rivestimento di anima di colonna,,,,,,,,,,,"Maria Luisa Catoni, Riccardo Olivito",2026-09-09 00:00:00,"Nicole Crescenzi, Rodolfo Gagliardi",,
19,1064,,2026,,,Sabaudia- Villa di Domiziano,Area dellla Peschiera,SAS 1,,,,,cfr. GIS,,Artificiale,Positiva,,Sì,,,Sì,,US positiva con andamento N-S posta tra 1060 e 1062,Forma,Antropico sincronico,"Laterizio, Cocciopesto",,,,sp. 15 cm,Mediocre,1065,,,,"1000, 1076, 1086","1078, 1079",,,1070,,"1078, 1079","1000, 1070","Spalletta in cocciopesto con andamento N-S localizzata tra 1060 e 1062. La faccia superiore e quella esterna (rivolta ad E) appaiono lisciate, mentre quella interna appare rivestita da laterizi",,Spalletta a cordolo che delimita lungo il lato E lo spazio tra 1060 e 1062,,,,,,,,,,,"Maria Luisa Catoni, Riccardo Olivito",2026-09-09 00:00:00,"Nicole Crescenzi, Rodolfo Gagliardi",,
20,1065,,2026,,,Sabaudia- Villa di Domiziano,Area dellla Peschiera,SAS 1,,,,,cfr. GIS,,Artificiale,Positiva,,Sì,,,Sì,,US positiva con andamento N-S posta tra 1060 e 1062,Forma,Antropico sincronico,"Laterizio, Cocciopesto",,,,sp. 15 cm,Mediocre,1064,,,,"1000, 1047, 1087","1078, 1079",,,1070,,"1078, 1079","1000, 1087, 1047, 1070","Spalletta in cocciopesto con andamento N-S localizzata tra 1060 e 1062. La faccia superiore e quella esterna (rivolta ad O) appaiono lisciate, mentre quella interna appare rivestita da laterizi",,Spalletta a cordolo che delimita lungo il lato O lo spazio tra 1060 e 1062,,,,,,,,,,,"Maria Luisa Catoni, Riccardo Olivito",2026-09-09 00:00:00,"Nicole Crescenzi, Rodolfo Gagliardi",,
21,1066,,2026,,,Sabaudia- Villa di Domiziano,Area dellla Peschiera,SAS 1,,,,,cfr. GIS,Naturale,,Positiva,,Sì,,,Sì,RPT 9,US positiva localizzata a E di 1064 e a S di 1059,Forma,Naturale sincronico,"Laterizio, Litico, Tessere di mosaico",,Incoerente,Marrone,,Parziale,,,,,1000,"1076, 1067","-1031, -1058",,,,"1076, 1067","1000, -1031, -1058",Strato di tufelli e laterizi in poca terra marrone. Restituisce uno spicchio di colonna con bollo (RPT 9) e sei tessere di mosaico. Tufelli e mattoni conservano almeno in parte la collocazione originaria dell'opera muraria,,Crollo di muratura,,,,,,,,,,,"Maria Luisa Catoni, Riccardo Olivito",2026-09-09 00:00:00,"Nicole Crescenzi, Rodolfo Gagliardi",,
22,1067,,2026,,,Sabaudia- Villa di Domiziano,Area dellla Peschiera,SAS 1,,,,,cfr. GIS,Naturale,,Positiva,,Sì,,,Sì,,US positiva posta tra 1064 e 1066,Forma,Naturale sincronico,Laterizio,,Limosa friabile,Marrone scuro,,Parziale,,,,,"1000, 1066","1076, 1078",-1058,,,,"1076, 1078","1000, 1066, -1058",US positiva posta tra 1064 e 1066. Restituisce spicchi di colonna misti a terra a matrice limosa friabile di colore marrone scuro. Non restituisce nessun altro materiale.,,Crollo di colonna,,,,,,,,,,,"Maria Luisa Catoni, Riccardo Olivito",2026-09-09 00:00:00,"Nicole Crescenzi, Rodolfo Gagliardi",,
23,1068,,2026,,,Sabaudia- Villa di Domiziano,Area dellla Peschiera,SAS 1,,,,,cfr. GIS,Naturale,,Positiva,,Sì,,,Sì,,US positiva localizzata tra US 1049 e US 1050,"Composizione, Colore, Consistenza",Antropico sincronico,Laterizio,,Sabbiosa molto compatta,Marrone scuro,,Buono,,,,,1000,1035,,,,"1049, 1050","1049, 1050, 1035",1000,"US positiva posizionata tra US 1049 e US 1050, strato di terra a matrice sabbiosa molto compatta di colore marrone scuro che restituisce solo radi frammenti di laterizi",Si campiona la terra,Riempimento delle spallette 1049 e 1050,,,,,,,Terra,,,,"Maria Luisa Catoni, Riccardo Olivito",2026-09-09 00:00:00,"Nicole Crescenzi, Rodolfo Gagliardi",,
24,1069,,2026,,,Sabaudia- Villa di Domiziano,Area dellla Peschiera,SAS 1,,,,,cfr. GIS,Naturale,,Positiva,,Sì,,,Sì,,US positiva localizzata tra US 1054 e US 1055,"Composizione, Colore, Consistenza",Antropico sincronico,,,Sabbiosa compatta,Grigio,,Buono,,,,,1000,1085,,,,"1054, 1055","1054, 1055, 1085",1000,"US positiva posizionata tra US 1054 e US 1055, strato di terra a matrice sabbiosa compatta di colore grigio che non restituisce materiali",Si campiona la terra,Riempimento delle spallette 1054 e 1055,,,,,,,Terra,,,,"Maria Luisa Catoni, Riccardo Olivito",2026-09-09 00:00:00,"Nicole Crescenzi, Rodolfo Gagliardi",,
25,1070,,2026,,,Sabaudia- Villa di Domiziano,Area dellla Peschiera,SAS 1,,,,,cfr. GIS,Naturale,,Positiva,,Sì,,,Sì,,US positiva localizzata tra US 1054 e US 1055,"Composizione, Colore, Forma",Antropico sincronico,,,Sabbiosa compatta,Marrone,,Buono,,,,,1000,1086,,,,"1064, 1065","1064, 1065, 1086",1000,"US positiva localizzata tra US 1064 e US 1065, strato di terra a matrice sabbiosa compatta di colore marrone che non restituisce alcun materiale",Si campiona la terra,Riempimento delle spallette 1064 e 1065,,,,,,,Terra,,,,"Maria Luisa Catoni, Riccardo Olivito",2026-09-09 00:00:00,"Nicole Crescenzi, Rodolfo Gagliardi",,
26,1073,,2026,,,Sabaudia- Villa di Domiziano,Area dellla Peschiera,SAS 1,,,,,cfr. GIS,,Artificiale,Positiva,,Sì,,,Sì,,US positiva posizionata a O di US 1075,"Composizione, Colore, Consistenza",Antropico sincronico,Litico,,Incoerente,Giallo-biancastro,,Scarso,,,,,1000,1047,,,,,1047,1000,"US positiva collocata a O di US 1075, si presenta come un accumulo di pietre in poca terra gialla incoerente. Non restituisce materiali.",,,,,,,,,,,,,"Maria Luisa Catoni, Riccardo Olivito",2026-10-09 00:00:00,"Nicole Crescenzi, Rodolfo Gagliardi",,
27,1074,,2026,,,Sabaudia- Villa di Domiziano,Area dellla Peschiera,SAS 1,,,,,cfr. GIS,,Artificiale,Positiva,,Sì,,,Sì,,US positiva con andamento N-S posta tra 1051 e 1060,Forma,Antropico sincronico,"Cocciopesto, Laterizio",,,,sp. 12 cm,Parziale,1075,,,,"1000, 1085",1077,-1058,,1083,,1077,"1000, 1083, 1085, -1058","Spalletta in cocciopesto con andamento N-S localizzata tra 1051 e 1060. La faccia superiore e quella esterna (rivolta ad E) appaiono lisciate, mentre quella interna appare rivestita da laterizi",,Spalletta a cordolo che delimita lungo il lato E lo spazio tra 1051 e 1060,,,,,,,,,,,"Maria Luisa Catoni, Riccardo Olivito",2026-10-09 00:00:00,"Nicole Crescenzi, Rodolfo Gagliardi",,
28,1075,,2026,,,Sabaudia- Villa di Domiziano,Area dellla Peschiera,SAS 1,,,,,cfr. GIS,,Artificiale,Positiva,,Sì,,,Sì,,US positiva con andamento N-S posta tra 1051 e 1060,Forma,Antropico sincronico,"Cocciopesto, Laterizio",,,,sp. 12 cm,Mediocre,1074,,,,"1000, 1047, 1087","1078, 1077",,,1083,,"1078, 1077","1000, 1047, 1083, 1087","Spalletta in cocciopesto con andamento N-S localizzata tra 1051 e 1060. La faccia superiore e quella esterna (rivolta ad O) appaiono lisciate, mentre quella interna appare rivestita da laterizi",,Spalletta a cordolo che delimita lungo il lato O lo spazio tra 1051 e 1060,,,,,,,,,,,"Maria Luisa Catoni, Riccardo Olivito",2026-10-09 00:00:00,"Nicole Crescenzi, Rodolfo Gagliardi",,
29,1076,,2026,,,Sabaudia- Villa di Domiziano,Area dellla Peschiera,SAS 1,,,,,cfr. GIS,Naturale,,Positiva,,Sì,,,Sì,RPT 10,US positiva posta ad E di 1064,Forma,Naturale sincronico,"Laterizio, Litico, Malta",Radici,Sabbiosa friabile,Marrone scuro,,Parziale,,,,,"1066, 1067","1064, 1070, 1078, 1086",-1058,,,,"1064, 1070, 1078, 1086","1066, 1067, -1058","Strato esteso ad E di 1064 a matrice sabbiosa friabile di colore marrone scuro che restituisce tegole di grandi dimensioni, frammenti di coppi, malta, elementi litici e radici. Una delle tegole presenta un bollo, forse Hilarius Livia (RPT 10)",,Crollo di copertura,,,,,,,,,,,"Maria Luisa Catoni, Riccardo Olivito",2026-11-09 00:00:00,"Nicole Crescenzi, Rodolfo Gagliardi",,
30,1077,,2026,,,Sabaudia- Villa di Domiziano,Area dellla Peschiera,SAS 1,,,,,cfr. GIS,,Artificiale,Positiva,,Sì,,,Sì,,Rivestimento della base di colonna 1053,Forma,Antropico sincronico,Intonaco,,,Bianco,,Scarso,,,,1053,"1000, 1054, 1055, 1074, 1075, 1085, 1087",,,,,,1053,"1000, 1054, 1055, 1074, 1075, 1085, 1087",Rivestimento in intonaco bianco della base di colonna 1053,,Rivestimento di base di colonna,,,,,,,,,,,"Maria Luisa Catoni, Riccardo Olivito",2026-11-09 00:00:00,"Nicole Crescenzi, Rodolfo Gagliardi",,
31,1078,,2026,,,Sabaudia- Villa di Domiziano,Area dellla Peschiera,SAS 1,,,,,cfr. GIS,,Artificiale,Positiva,,Sì,,,Sì,,Rivestimento della base di colonna 1071,Forma,Antropico sincronico,Intonaco,,,Bianco,,Scarso,,,,1071,"1000, 1076, 1080, 1067, 1075, 1064, 1065, 1087, 1086",,,,,,1071,"1000, 1076, 1080, 1067, 1075, 1064, 1065, 1086, 1087",Rivestimento in intonaco bianco della base di colonna 1071,,Rivestimento di base di colonna,,,,,,,,,,,"Maria Luisa Catoni, Riccardo Olivito",2026-11-09 00:00:00,"Nicole Crescenzi, Rodolfo Gagliardi",,
32,1079,,2026,,,Sabaudia- Villa di Domiziano,Area dellla Peschiera,SAS 1,,,,,cfr. GIS,,Artificiale,Positiva,,Sì,,,Sì,,Rivestimento della base di colonna 1072,Forma,Antropico sincronico,Intonaco,,,Bianco,,Scarso,,,,1072,"1000, 1047, 1087, 1064, 1065, 1086",,,,,,1072,"1000, 1047, 1087, 1064, 1065, 1086",Rivestimento in intonaco bianco della base di colonna 1072,,Rivestimento di base di colonna,,,,,,,,,,,"Maria Luisa Catoni, Riccardo Olivito",2026-11-09 00:00:00,"Nicole Crescenzi, Rodolfo Gagliardi",,
33,1080,,2026,,,Sabaudia- Villa di Domiziano,Area dellla Peschiera,SAS 1,,,,,cfr. GIS,Naturale,,Positiva,,Sì,,,Sì,RPT 12,US positiva posta ad O di 1060 con andamento E-O,Forma,Antropico sincronico,"Laterizio, Malta, Litico",Radici,Incoerente,Grigio,,Scarso,,,,,1047,"1078, 1087",,,,,"1078, 1087",1047,"Strato posizionato a O di 1060 che restituisce spicchi di colonna, cubilia, nuclei di malta e radici misti a poca terra di colore grigio. Restituisce anche una tegola con bollo circolare (RPT 12)",,Crollo di colonna,,,,,,,,,,,"Maria Luisa Catoni, Riccardo Olivito",14/09/2026,"Nicole Crescenzi, Rodolfo Gagliardi",,
34,1081,,2026,,,Sabaudia- Villa di Domiziano,Area dellla Peschiera,SAS 1,,,,,cfr. GIS,,Artificiale,Positiva,,Sì,,,Sì,,Rivestimento della base di colonna 1016,Forma,Antropico sincronico,Intonaco,,,Rosso,,Scarso,,,,,"1000, 1035",1082,,,,,1082,"1000, 1035","Secondo strato di rivestimento della base di colonna USM 1016, presenta colore rosso e decorazione di possibile elemento fitomorfo",,Seconda fase di rivestimento di base di colonna,,,,,,,,,,,"Maria Luisa Catoni, Riccardo Olivito",14/09/2026,"Nicole Crescenzi, Rodolfo Gagliardi",,
35,1082,,2026,,,Sabaudia- Villa di Domiziano,Area dellla Peschiera,SAS 1,,,,,cfr. GIS,,Artificiale,Positiva,,Sì,,,Sì,,Rivestimento della base di colonna 1016,Forma,Antropico sincronico,Intonaco,,,Blu,,Scarso,,,,1016,"1000, 1081",,,,,,1016,"1000, 1081",Primo strato di rivestimento in intonaco blu della base di colonna 1016,,Prima fase di rivestimento di base di colonna,,,,,,,,,,,"Maria Luisa Catoni, Riccardo Olivito",14/09/2026,"Nicole Crescenzi, Rodolfo Gagliardi",,
36,1083,,2026,,,Sabaudia- Villa di Domiziano,Area dellla Peschiera,SAS 1,,,,,cfr. GIS,Naturale,,Positiva,,Sì,,,Sì,,US positiva localizzata tra 1074 e 1075,"Composizione, Colore, Consistenza",Naturale diacronico,,,,,,Parziale,,,,,1000,,-1058,,,"1074, 1075","1074, 1075","1000, - 1058",,Non scavata,Riempimento delle spallette 1074 e 1075,,,,,,,Terra,,,,"Maria Luisa Catoni, Riccardo Olivito",14/09/2026,"Nicole Crescenzi, Rodolfo Gagliardi",,
37,1084,,2026,,,Sabaudia- Villa di Domiziano,Area dellla Peschiera,SAS 1,,,,,cfr. GIS,Naturale,,Positiva,,Sì,,,Sì,,US positiva localizzata tra 1021 e 1022,"Composizione, Colore, Consistenza",Naturale diacronico,"Laterizio, Litico",,Sabbiosa molto compatta,Giallo,,Buono,,,,,1023,,,,,"1021, 1022",,,"Strato posizionato tra 1021 e 1022, si presenta a matrice sabbiosa molto compatta di colore giallo che restituisce radi frammenti di laterizi e tufelli",Si campiona la terra,Riempimento delle spallette 1021 e 1022,,,,,,,Terra,,,,"Maria Luisa Catoni, Riccardo Olivito",14/09/2026,"Nicole Crescenzi, Rodolfo Gagliardi",,
38,1085,,2026,,,Sabaudia- Villa di Domiziano,Area dellla Peschiera,SAS 1,,,,,cfr. GIS,,Artificiale,Positiva,,Sì,,,Sì,,"US positiva localizzata ad E di 1054, tra -1045 e -1058","Composizione, Colore, Consistenza",Antropico sincronico,,,Sabbiosa compatta,Marrone chiaro,,Parziale,"1035, 1086",,,"1049, 1054, 1077, 1090","1056, 1057",,"-1031, -1058, -1045",,,,"1049, 1054, 1077, 1090","1056, 1057, -1031, -1058, -1045",,Non scavata,Possibile piano di battuto pavimentale,,,,,,,,,,,"Maria Luisa Catoni, Riccardo Olivito",15/09/2026,"Nicole Crescenzi, Rodolfo Gagliardi",,
39,1086,,2026,,,Sabaudia- Villa di Domiziano,Area dellla Peschiera,SAS 1,,,,,cfr. GIS,,Artificiale,Positiva,,Sì,,,Sì,,US positiva localizzata ad E di 1064 e a S di -1058,"Composizione, Colore, Consistenza",Antropico sincronico,,,Sabbiosa compatta,Marrone chiaro,,Parziale,"1085, 1035",,,"1064, 1078, 1079","1066, 1076",,"-1031, -1058",,,,"1064, 1078, 1079","1066, 1076, -1031, -1058",,Non scavata,Possibile piano di battuto pavimentale,,,,,,,,,,,"Maria Luisa Catoni, Riccardo Olivito",15/09/2026,"Nicole Crescenzi, Rodolfo Gagliardi",,
40,1087,,2026,,,Sabaudia- Villa di Domiziano,Area dellla Peschiera,SAS 1,,,,,cfr. GIS,,Artificiale,Positiva,,Sì,,,Sì,,US positiva localizzata a S di 1032 nel settore O del saggio,"Composizione, Colore, Consistenza",Antropico sincronico,,,Sabbiosa compatta,Marrone ,,Buono,,,,,1047,"1055, 1065, 1075, 1077, 1078, 1079",,,,,"1055, 1065, 1075, 1077, 1078, 1079",1047,,Non scavata,Strato di ributto moderno,,,,,,,,,,,"Maria Luisa Catoni, Riccardo Olivito",15/09/2026,"Nicole Crescenzi, Rodolfo Gagliardi",,
41,1088,,2026,,,Sabaudia- Villa di Domiziano,Area dellla Peschiera,SAS 1,,,,,cfr. GIS,,Artificiale,Positiva,,Sì,,,Sì,,Rivestimento di intonaco di USM 1001,Forma,Antropico sincronico,Intonaco,,,Nero,,Scarso,,,,1001,1033,1089,,,,,"1001, 1089",1033,Rivestimento di intonaco parietale scuro del muro USM 1001,,Rivestimento parietale,,,,,,,,,,,"Maria Luisa Catoni, Riccardo Olivito",15/09/2026,"Nicole Crescenzi, Rodolfo Gagliardi",,
42,1090,,2026,,,Sabaudia- Villa di Domiziano,Area dellla Peschiera,SAS 1,,,,,cfr. GIS,,Artificiale,Positiva,,Sì,,,Sì,,Rivestimento della base di colonna 1048,Forma,Antropico sincronico,Intonaco,,,Bianco,,Scarso,,,,1048,"1000, 1047, 1049, 1050, 1054, 1055, 1085",,,,,,1048,"1000, 1047, 1049, 1050, 1054, 1055, 1085","Rivestimento in intonaco bianco, che presenta diversi livelli di modanatura, della base di colonna USM 1048",,Rivestimento di base di colonna,,,,,,,,,,,"Maria Luisa Catoni, Riccardo Olivito",15/09/2026,"Nicole Crescenzi, Rodolfo Gagliardi",,
